instance,status,primal,dual,mip_gap_pct,nodes,lp_solves,wall_time_s
scp41,Optimal,429,429,0.000000,0,3,0.239
scp42,Optimal,512,512,0.000000,0,3,0.214
scp43,Optimal,516,516,0.000000,0,3,0.241
scp44,Optimal,494,494,0.000000,2,21,0.156
scp45,Optimal,512,512,0.000000,0,3,0.224
scp46,Optimal,560,560,0.000000,7,58,0.187
scp47,Optimal,430,430,0.000000,0,3,0.193
scp48,Optimal,492,492,0.000000,9,76,0.193
scp49,Optimal,641,641,0.000000,13,144,0.304
scp51,Optimal,253,253,0.000000,13,192,0.940
scp52,Optimal,302,302,0.000000,42,451,1.270
scp53,Optimal,226,226,0.000000,0,3,1.070
scp54,Optimal,242,242,0.000000,6,89,0.905
scp55,Optimal,211,211,0.000000,0,3,1.037
scp56,Optimal,213,213,0.000000,0,3,0.808
scp57,Optimal,293,293,0.000000,3,38,0.857
scp58,Optimal,288,288,0.000000,10,117,0.877
scp59,Optimal,279,279,0.000000,0,3,0.897
scp410,Optimal,514,514,0.000000,3,18,0.139
scp510,Optimal,265,265,0.000000,0,3,1.037
scpa1,Optimal,253,253,0.000000,113,1162,16.406
scpa2,Optimal,252,252,0.000000,116,1143,17.119
scpa3,Optimal,232,232,0.000000,81,992,18.235
scpa4,Optimal,234,234,0.000000,31,354,15.022
scpa5,Optimal,236,236,0.000000,12,141,16.862
scpb1,Optimal,69,69,0.000000,123,992,23.405
scpb2,Optimal,76,76,0.000000,341,1590,29.187
scpb3,Optimal,80,80,0.000000,241,1340,24.679
scpb4,Optimal,79,79,0.000000,713,1970,33.855
scpb5,Optimal,72,72,0.000000,161,1124,23.626
