instance,primal,dual,mip_gap_pct,nodes,wall_time_s
scp51,253,253,0.000000,12,1.08
scp52,302,302,0.000000,17,1.37
scp53,226,226,0.000000,0,1.06
scp54,242,242,0.000000,15,1.16
scp55,211,211,0.000000,0,1.03
scp56,213,213,0.000000,0,1.06
scp57,293,293,0.000000,27,1.21
scp58,288,288,0.000000,11,1.21
scp59,279,279,0.000000,0,0.91
scp510,265,265,0.000000,0,1.05
scpa1,253,253,0.000000,363,74.98
scpa2,252,252,0.000000,199,41.70
scpa3,232,232,0.000000,137,41.26
scpa4,234,234,0.000000,47,21.40
scpa5,236,236,0.000000,58,20.13
scpb1,69,69,0.000000,182,55.74
scpb2,76,76,0.000000,1641,361.26
scpb3,80,80,0.000000,1339,288.56
scpb4,79,79,0.000000,6939,1543.77
scpb5,72,72,0.000000,379,97.53
