instance,branch,cut_freq,balas_freq,eta,sb,status,primal,dual,gap,nodes,lp_solves,time
scpb1,most_fractional,0,0,0,0,Optimal,69,69,0.000000,182,184,22.390
scpb1,reliability,0,0,2,8,Optimal,69,69,0.000000,80,576,22.464
scpb1,reliability,0,0,2,16,Optimal,69,69,0.000000,91,607,22.650
scpb1,reliability,0,0,2,4,Optimal,69,69,0.000000,131,617,22.791
scpb1,reliability,0,0,4,4,Optimal,69,69,0.000000,151,803,23.428
scpb1,reliability,0,0,4,8,Optimal,69,69,0.000000,107,961,23.530
scpb1,reliability,0,0,8,4,Optimal,69,69,0.000000,145,777,23.070
scpb1,reliability,0,0,4,16,Optimal,69,69,0.000000,85,1039,23.406
scpb1,most_fractional,0,0.6,0,0,Optimal,69,69,0.000000,182,185,22.365
scpb1,reliability,0,0,8,8,Optimal,69,69,0.000000,143,1379,24.144
scpb1,reliability,0,0.6,2,4,Optimal,69,69,0.000000,131,610,23.371
scpb1,reliability,0,0,8,16,Optimal,69,69,0.000000,129,1925,25.251
scpb1,reliability,0,0.6,2,8,Optimal,69,69,0.000000,80,569,22.532
scpb1,reliability,0,0.6,2,16,Optimal,69,69,0.000000,104,643,22.610
scpb1,reliability,0,0.6,4,4,Optimal,69,69,0.000000,151,804,23.185
scpb1,reliability,0,0.6,4,8,Optimal,69,69,0.000000,123,992,23.656
scpb1,reliability,0,0.6,4,16,Optimal,69,69,0.000000,100,1079,23.847
scpb1,reliability,0,0.6,8,4,Optimal,69,69,0.000000,142,793,23.510
scpb1,most_fractional,0.2,0,0,0,Optimal,69,69,0.000000,180,183,22.389
scpb1,reliability,0,0.6,8,8,Optimal,69,69,0.000000,162,1513,24.567
scpb1,reliability,0.2,0,2,4,Optimal,69,69,0.000000,129,614,22.960
scpb1,reliability,0.2,0,2,8,Optimal,69,69,0.000000,95,594,22.906
scpb1,reliability,0,0.6,8,16,Optimal,69,69,0.000000,145,1972,25.555
scpb1,reliability,0.2,0,2,16,Optimal,69,69,0.000000,81,588,22.830
scpb1,reliability,0.2,0,4,4,Optimal,69,69,0.000000,148,817,23.309
scpb1,reliability,0.2,0,4,8,Optimal,69,69,0.000000,118,989,23.470
scpb1,reliability,0.2,0,8,4,Optimal,69,69,0.000000,136,743,23.073
scpb1,reliability,0.2,0,4,16,Optimal,69,69,0.000000,115,1110,23.987
scpb1,reliability,0.2,0,8,8,Optimal,69,69,0.000000,119,1172,23.736
scpb1,reliability,0.2,0,8,16,Optimal,69,69,0.000000,123,1908,25.165
scpb1,most_fractional,0.2,0.6,0,0,Optimal,69,69,0.000000,182,186,22.588
scpb1,reliability,0.2,0.6,2,4,Optimal,69,69,0.000000,131,619,23.063
scpb1,reliability,0.2,0.6,2,8,Optimal,69,69,0.000000,80,578,22.682
scpb1,reliability,0.2,0.6,2,16,Optimal,69,69,0.000000,128,674,23.187
scpb1,reliability,0.2,0.6,4,4,Optimal,69,69,0.000000,151,805,23.379
scpb1,reliability,0.2,0.6,4,8,Optimal,69,69,0.000000,107,963,23.549
scpb1,reliability,0.2,0.6,4,16,Optimal,69,69,0.000000,128,1170,23.904
scpb1,reliability,0.2,0.6,8,4,Optimal,69,69,0.000000,145,779,23.460
scpb1,reliability,0.2,0.6,8,8,Optimal,69,69,0.000000,143,1381,24.645
scpb1,reliability,0.2,0.6,8,16,Optimal,69,69,0.000000,147,1961,25.909
scpb2,reliability,0,0,2,4,Optimal,76,76,0.000000,359,977,28.382
scpb2,most_fractional,0,0,0,0,Optimal,76,76,0.000000,1639,1641,45.276
scpb2,reliability,0,0,2,8,Optimal,76,76,0.000000,319,961,27.753
scpb2,reliability,0,0,2,16,Optimal,76,76,0.000000,319,947,28.376
scpb2,reliability,0,0,4,4,Optimal,76,76,0.000000,513,1723,31.685
scpb2,reliability,0,0,4,8,Optimal,76,76,0.000000,357,1601,29.894
scpb2,reliability,0,0,4,16,Optimal,76,76,0.000000,277,1507,28.761
scpb2,reliability,0,0,8,4,Optimal,76,76,0.000000,497,2463,32.422
scpb2,reliability,0,0,8,8,Optimal,76,76,0.000000,413,2715,32.512
scpb2,reliability,0,0,8,16,Optimal,76,76,0.000000,379,2797,32.630
scpb2,reliability,0,0.6,2,4,Optimal,76,76,0.000000,359,994,28.590
scpb2,reliability,0,0.6,2,8,Optimal,76,76,0.000000,319,962,28.322
scpb2,most_fractional,0,0.6,0,0,Optimal,76,76,0.000000,1577,1580,44.432
scpb2,reliability,0,0.6,2,16,Optimal,76,76,0.000000,313,948,27.837
scpb2,reliability,0,0.6,4,8,Optimal,76,76,0.000000,341,1590,29.734
scpb2,reliability,0,0.6,4,4,Optimal,76,76,0.000000,563,1792,32.058
scpb2,reliability,0,0.6,4,16,Optimal,76,76,0.000000,285,1520,29.001
scpb2,reliability,0,0.6,8,4,Optimal,76,76,0.000000,587,2694,34.518
scpb2,reliability,0,0.6,8,8,Optimal,76,76,0.000000,445,2792,33.860
scpb2,reliability,0,0.6,8,16,Optimal,76,76,0.000000,503,2998,34.715
scpb2,reliability,0.2,0,2,8,Optimal,76,76,0.000000,301,940,27.844
scpb2,reliability,0.2,0,2,4,Optimal,76,76,0.000000,375,1011,28.670
scpb2,reliability,0.2,0,2,16,Optimal,76,76,0.000000,309,944,28.154
scpb2,most_fractional,0.2,0,0,0,Optimal,76,76,0.000000,1675,1681,48.519
scpb2,reliability,0.2,0,4,4,Optimal,76,76,0.000000,411,1591,30.329
scpb2,reliability,0.2,0,4,8,Optimal,76,76,0.000000,343,1586,29.461
scpb2,reliability,0.2,0,4,16,Optimal,76,76,0.000000,277,1512,28.588
scpb2,reliability,0.2,0,8,4,Optimal,76,76,0.000000,750,2964,37.011
scpb2,reliability,0.2,0,8,8,Optimal,76,76,0.000000,421,2720,33.403
scpb2,reliability,0.2,0,8,16,Optimal,76,76,0.000000,501,2981,34.948
scpb2,reliability,0.2,0.6,2,8,Optimal,76,76,0.000000,299,941,27.515
scpb2,reliability,0.2,0.6,2,4,Optimal,76,76,0.000000,359,979,28.635
scpb2,reliability,0.2,0.6,2,16,Optimal,76,76,0.000000,315,945,27.858
scpb2,most_fractional,0.2,0.6,0,0,Optimal,76,76,0.000000,1647,1655,48.682
scpb2,reliability,0.2,0.6,4,4,Optimal,76,76,0.000000,513,1725,31.920
scpb2,reliability,0.2,0.6,4,8,Optimal,76,76,0.000000,347,1591,29.517
scpb2,reliability,0.2,0.6,4,16,Optimal,76,76,0.000000,425,1701,31.103
scpb2,reliability,0.2,0.6,8,4,Optimal,76,76,0.000000,497,2465,33.038
scpb2,reliability,0.2,0.6,8,8,Optimal,76,76,0.000000,409,2697,32.907
scpb2,reliability,0.2,0.6,8,16,Optimal,76,76,0.000000,469,2919,34.792
scpb3,most_fractional,0,0,0,0,Optimal,80,80,0.000000,1277,1279,31.867
scpb3,reliability,0,0,2,4,Optimal,80,80,0.000000,299,893,24.458
scpb3,reliability,0,0,2,8,Optimal,80,80,0.000000,197,787,23.832
scpb3,reliability,0,0,2,16,Optimal,80,80,0.000000,238,836,23.971
scpb3,reliability,0,0,4,4,Optimal,80,80,0.000000,325,1415,25.354
scpb3,reliability,0,0,4,8,Optimal,80,80,0.000000,254,1334,24.988
scpb3,reliability,0,0,4,16,Optimal,80,80,0.000000,206,1318,24.748
scpb3,reliability,0,0,8,4,Optimal,80,80,0.000000,538,2516,28.577
scpb3,reliability,0,0,8,8,Optimal,80,80,0.000000,263,2167,26.566
scpb3,reliability,0,0,8,16,Optimal,80,80,0.000000,220,2254,26.506
scpb3,reliability,0,0.6,2,4,Optimal,80,80,0.000000,292,893,24.298
scpb3,reliability,0,0.6,2,8,Optimal,80,80,0.000000,214,805,24.022
scpb3,most_fractional,0,0.6,0,0,Optimal,80,80,0.000000,1375,1378,32.626
scpb3,reliability,0,0.6,2,16,Optimal,80,80,0.000000,85,598,22.413
scpb3,reliability,0,0.6,4,4,Optimal,80,80,0.000000,273,1292,25.007
scpb3,reliability,0,0.6,4,8,Optimal,80,80,0.000000,241,1340,24.901
scpb3,reliability,0,0.6,4,16,Optimal,80,80,0.000000,152,1199,24.015
scpb3,reliability,0,0.6,8,8,Optimal,80,80,0.000000,185,1654,24.977
scpb3,reliability,0,0.6,8,4,Optimal,80,80,0.000000,518,2445,28.379
scpb3,reliability,0,0.6,8,16,Optimal,80,80,0.000000,186,2113,26.208
scpb3,reliability,0.2,0,2,4,Optimal,80,80,0.000000,259,848,24.252
scpb3,most_fractional,0.2,0,0,0,Optimal,80,80,0.000000,1377,1382,33.317
scpb3,reliability,0.2,0,2,8,Optimal,80,80,0.000000,179,756,23.554
scpb3,reliability,0.2,0,2,16,Optimal,80,80,0.000000,238,839,24.067
scpb3,reliability,0.2,0,4,4,Optimal,80,80,0.000000,309,1312,25.253
scpb3,reliability,0.2,0,4,8,Optimal,80,80,0.000000,252,1373,25.231
scpb3,reliability,0.2,0,4,16,Optimal,80,80,0.000000,196,1301,24.579
scpb3,reliability,0.2,0,8,4,Optimal,80,80,0.000000,507,2438,28.078
scpb3,reliability,0.2,0,8,8,Optimal,80,80,0.000000,283,2190,27.181
scpb3,reliability,0.2,0,8,16,Optimal,80,80,0.000000,222,2275,26.833
scpb3,reliability,0.2,0.6,2,4,Optimal,80,80,0.000000,299,895,24.384
scpb3,reliability,0.2,0.6,2,8,Optimal,80,80,0.000000,253,861,24.254
scpb3,most_fractional,0.2,0.6,0,0,Optimal,80,80,0.000000,1307,1313,33.226
scpb3,reliability,0.2,0.6,2,16,Optimal,80,80,0.000000,209,815,23.967
scpb3,reliability,0.2,0.6,4,4,Optimal,80,80,0.000000,325,1417,25.578
scpb3,reliability,0.2,0.6,4,8,Optimal,80,80,0.000000,254,1332,25.129
scpb3,reliability,0.2,0.6,4,16,Optimal,80,80,0.000000,208,1330,24.748
scpb3,reliability,0.2,0.6,8,4,Optimal,80,80,0.000000,538,2518,28.356
scpb3,reliability,0.2,0.6,8,8,Optimal,80,80,0.000000,265,2155,26.416
scpb3,reliability,0.2,0.6,8,16,Optimal,80,80,0.000000,214,2216,26.437
scpb4,reliability,0,0,2,4,Optimal,79,79,0.000000,993,1669,37.668
scpb4,reliability,0,0,2,8,Optimal,79,79,0.000000,783,1455,35.222
scpb4,reliability,0,0,2,16,Optimal,79,79,0.000000,635,1303,32.573
scpb4,reliability,0,0,4,4,Optimal,79,79,0.000000,1003,2357,39.516
scpb4,reliability,0,0,4,8,Optimal,79,79,0.000000,883,2177,37.750
scpb4,reliability,0,0,4,16,Optimal,79,79,0.000000,551,1805,32.649
scpb4,reliability,0,0,8,8,Optimal,79,79,0.000000,771,3151,37.920
scpb4,reliability,0,0,8,4,Optimal,79,79,0.000000,1079,3551,43.070
scpb4,reliability,0,0,8,16,Optimal,79,79,0.000000,481,2805,34.209
scpb4,reliability,0,0.6,2,4,Optimal,79,79,0.000000,1147,1838,39.977
scpb4,reliability,0,0.6,2,16,Optimal,79,79,0.000000,623,1296,32.510
scpb4,reliability,0,0.6,2,8,Optimal,79,79,0.000000,843,1502,35.689
scpb4,reliability,0,0.6,4,4,Optimal,79,79,0.000000,946,2261,38.685
scpb4,most_fractional,0,0,0,0,Optimal,79,79,0.000000,6979,6981,127.814
scpb4,reliability,0,0.6,4,8,Optimal,79,79,0.000000,713,1970,35.005
scpb4,reliability,0,0.6,4,16,Optimal,79,79,0.000000,551,1816,32.513
scpb4,reliability,0,0.6,8,4,Optimal,79,79,0.000000,901,3258,39.770
scpb4,reliability,0,0.6,8,16,Optimal,79,79,0.000000,481,2796,33.768
scpb4,reliability,0,0.6,8,8,Optimal,79,79,0.000000,952,3447,40.988
scpb4,most_fractional,0,0.6,0,0,Optimal,79,79,0.000000,6541,6544,119.543
scpb4,reliability,0.2,0,2,4,Optimal,79,79,0.000000,1205,1889,41.666
scpb4,reliability,0.2,0,2,8,Optimal,79,79,0.000000,701,1372,33.662
scpb4,reliability,0.2,0,2,16,Optimal,79,79,0.000000,647,1324,33.180
scpb4,reliability,0.2,0,4,4,Optimal,79,79,0.000000,1081,2424,41.498
scpb4,reliability,0.2,0,4,8,Optimal,79,79,0.000000,707,1958,34.929
scpb4,reliability,0.2,0,4,16,Optimal,79,79,0.000000,549,1804,32.818
scpb4,reliability,0.2,0,8,8,Optimal,79,79,0.000000,759,3158,38.157
scpb4,reliability,0.2,0,8,4,Optimal,79,79,0.000000,999,3378,41.162
scpb4,reliability,0.2,0,8,16,Optimal,79,79,0.000000,491,2795,34.043
scpb4,reliability,0.2,0.6,2,4,Optimal,79,79,0.000000,993,1671,37.379
scpb4,reliability,0.2,0.6,2,16,Optimal,79,79,0.000000,635,1305,32.770
scpb4,reliability,0.2,0.6,2,8,Optimal,79,79,0.000000,777,1448,35.234
scpb4,reliability,0.2,0.6,4,4,Optimal,79,79,0.000000,787,2115,37.114
scpb4,reliability,0.2,0.6,4,8,Optimal,79,79,0.000000,883,2179,37.287
scpb4,reliability,0.2,0.6,4,16,Optimal,79,79,0.000000,551,1807,32.545
scpb4,reliability,0.2,0.6,8,4,Optimal,79,79,0.000000,1079,3554,43.234
scpb4,reliability,0.2,0.6,8,8,Optimal,79,79,0.000000,771,3154,38.121
scpb4,most_fractional,0.2,0,0,0,Optimal,79,79,0.000000,6807,6826,174.159
scpb5,most_fractional,0,0,0,0,Optimal,72,72,0.000000,369,371,24.261
scpb4,reliability,0.2,0.6,8,16,Optimal,79,79,0.000000,481,2807,33.862
scpb5,reliability,0,0,2,4,Optimal,72,72,0.000000,117,567,22.741
scpb5,reliability,0,0,2,8,Optimal,72,72,0.000000,117,631,22.947
scpb5,reliability,0,0,2,16,Optimal,72,72,0.000000,87,587,22.767
scpb5,reliability,0,0,4,4,Optimal,72,72,0.000000,153,783,23.197
scpb5,reliability,0,0,4,8,Optimal,72,72,0.000000,115,967,23.254
scpb5,reliability,0,0,4,16,Optimal,72,72,0.000000,81,983,23.342
scpb5,reliability,0,0,8,4,Optimal,72,72,0.000000,134,688,22.964
scpb5,reliability,0,0,8,8,Optimal,72,72,0.000000,142,1506,24.379
scpb5,reliability,0,0,8,16,Optimal,72,72,0.000000,131,1833,25.006
scpb5,reliability,0,0.6,2,4,Optimal,72,72,0.000000,141,642,23.005
scpb5,most_fractional,0,0.6,0,0,Optimal,72,72,0.000000,383,386,24.541
scpb4,most_fractional,0.2,0.6,0,0,Optimal,79,79,0.000000,6741,6762,177.600
scpb5,reliability,0,0.6,2,8,Optimal,72,72,0.000000,113,616,22.919
scpb5,reliability,0,0.6,2,16,Optimal,72,72,0.000000,73,550,22.366
scpb5,reliability,0,0.6,4,4,Optimal,72,72,0.000000,145,834,23.290
scpb5,reliability,0,0.6,4,16,Optimal,72,72,0.000000,73,966,23.263
scpb5,reliability,0,0.6,4,8,Optimal,72,72,0.000000,161,1124,23.902
scpb5,reliability,0,0.6,8,4,Optimal,72,72,0.000000,195,1070,23.701
scpb5,reliability,0,0.6,8,8,Optimal,72,72,0.000000,164,1593,24.708
scpb5,reliability,0,0.6,8,16,Optimal,72,72,0.000000,109,1790,24.907
scpb5,most_fractional,0.2,0,0,0,Optimal,72,72,0.000000,289,292,23.287
scpb5,reliability,0.2,0,2,4,Optimal,72,72,0.000000,121,564,22.636
scpb5,reliability,0.2,0,2,8,Optimal,72,72,0.000000,133,642,23.121
scpb5,reliability,0.2,0,2,16,Optimal,72,72,0.000000,87,588,22.697
scpb5,reliability,0.2,0,4,4,Optimal,72,72,0.000000,147,742,23.203
scpb5,reliability,0.2,0,4,8,Optimal,72,72,0.000000,108,969,23.315
scpb5,reliability,0.2,0,4,16,Optimal,72,72,0.000000,78,923,23.122
scpb5,reliability,0.2,0,8,4,Optimal,72,72,0.000000,119,614,22.805
scpb5,reliability,0.2,0,8,8,Optimal,72,72,0.000000,123,1198,23.860
scpb5,reliability,0.2,0,8,16,Optimal,72,72,0.000000,121,1772,24.762
scpb5,most_fractional,0.2,0.6,0,0,Optimal,72,72,0.000000,489,494,25.367
scpb5,reliability,0.2,0.6,2,4,Optimal,72,72,0.000000,132,642,23.164
scpb5,reliability,0.2,0.6,2,8,Optimal,72,72,0.000000,117,633,22.972
scpb5,reliability,0.2,0.6,2,16,Optimal,72,72,0.000000,114,628,22.867
scpb5,reliability,0.2,0.6,4,4,Optimal,72,72,0.000000,157,895,23.677
scpb5,reliability,0.2,0.6,4,8,Optimal,72,72,0.000000,115,969,23.432
scpb5,reliability,0.2,0.6,4,16,Optimal,72,72,0.000000,115,1077,23.855
scpb5,reliability,0.2,0.6,8,4,Optimal,72,72,0.000000,141,813,23.415
scpb5,reliability,0.2,0.6,8,8,Optimal,72,72,0.000000,142,1508,24.436
scpb5,reliability,0.2,0.6,8,16,Optimal,72,72,0.000000,117,1803,24.896
scpnre1,most_fractional,0,0,0,0,TimeLimit,29,26,10.344828,13507,13509,300.015
scpnre1,reliability,0,0,2,4,TimeLimit,29,26,10.344828,10970,11818,300.039
scpnre1,reliability,0,0,2,8,TimeLimit,29,26,10.344828,11299,12187,300.029
scpnre1,reliability,0,0,2,16,TimeLimit,29,26,10.344828,11688,12584,300.025
scpnre1,reliability,0,0,4,4,TimeLimit,29,26,10.344828,10596,12270,300.014
scpnre1,reliability,0,0,4,8,TimeLimit,29,26,10.344828,10732,12424,300.032
scpnre1,reliability,0,0,4,16,TimeLimit,29,26,10.344828,11251,12975,300.018
scpnre1,reliability,0,0,8,4,TimeLimit,29,26,10.344828,10509,13747,300.005
scpnre1,reliability,0,0,8,8,TimeLimit,29,26,10.344828,10260,13516,300.000
scpnre1,reliability,0,0,8,16,TimeLimit,29,26,10.344828,10616,13972,300.040
scpnre1,most_fractional,0,0.6,0,0,TimeLimit,29,26,10.344828,13499,13502,300.009
scpnre1,reliability,0,0.6,2,4,TimeLimit,29,26,10.344828,10925,11774,300.018
scpnre1,reliability,0,0.6,2,8,TimeLimit,29,26,10.344828,11281,12170,300.016
scpnre1,reliability,0,0.6,2,16,TimeLimit,29,26,10.344828,11705,12602,300.018
scpnre1,reliability,0,0.6,4,4,TimeLimit,29,26,10.344828,10620,12295,300.037
scpnre1,reliability,0,0.6,4,8,TimeLimit,29,26,10.344828,10727,12420,300.013
scpnre1,reliability,0,0.6,4,16,TimeLimit,29,26,10.344828,11251,12976,300.047
scpnre1,reliability,0,0.6,8,4,TimeLimit,29,26,10.344828,10482,13721,300.011
scpnre1,reliability,0,0.6,8,8,TimeLimit,29,26,10.344828,10267,13524,300.018
scpnre1,reliability,0,0.6,8,16,TimeLimit,29,26,10.344828,10605,13962,300.028
scpnre1,most_fractional,0.2,0,0,0,TimeLimit,29,26,10.344828,10840,10877,300.022
scpnre1,reliability,0.2,0,2,4,TimeLimit,29,26,10.344828,9008,9876,300.013
scpnre1,reliability,0.2,0,2,8,TimeLimit,29,26,10.344828,9339,10241,300.015
scpnre1,reliability,0.2,0,2,16,TimeLimit,29,26,10.344828,9476,10401,300.048
scpnre1,reliability,0.2,0,4,4,TimeLimit,29,26,10.344828,8743,10427,300.002
scpnre1,reliability,0.2,0,4,8,TimeLimit,29,26,10.344828,8969,10675,300.004
scpnre1,reliability,0.2,0,4,16,TimeLimit,29,26,10.344828,9349,11083,300.028
scpnre1,reliability,0.2,0,8,4,TimeLimit,29,26,10.344828,8778,12009,300.005
scpnre1,reliability,0.2,0,8,8,TimeLimit,29,26,10.344828,8505,11724,300.003
scpnre1,reliability,0.2,0,8,16,TimeLimit,29,26,10.344828,8736,12037,300.011
scpnre1,most_fractional,0.2,0.6,0,0,TimeLimit,29,26,10.344828,10830,10868,300.010
scpnre1,reliability,0.2,0.6,2,4,TimeLimit,29,26,10.344828,9004,9873,300.022
scpnre1,reliability,0.2,0.6,2,8,TimeLimit,29,26,10.344828,9312,10214,300.019
scpnre1,reliability,0.2,0.6,2,16,TimeLimit,29,26,10.344828,9570,10494,300.024
scpnre1,reliability,0.2,0.6,4,4,TimeLimit,29,26,10.344828,8753,10438,300.003
scpnre1,reliability,0.2,0.6,4,8,TimeLimit,29,26,10.344828,8915,10613,300.048
scpnre1,reliability,0.2,0.6,4,16,TimeLimit,29,26,10.344828,9342,11077,300.009
scpnre1,reliability,0.2,0.6,8,4,TimeLimit,29,26,10.344828,8801,12034,300.029
scpnre1,reliability,0.2,0.6,8,8,TimeLimit,29,26,10.344828,8512,11732,300.036
scpnre1,reliability,0.2,0.6,8,16,TimeLimit,29,26,10.344828,8741,12043,300.002
scpnre2,most_fractional,0,0,0,0,TimeLimit,31,26,16.129032,7568,7570,300.004
scpnre2,reliability,0,0,2,4,TimeLimit,31,26,16.129032,6320,7186,300.006
scpnre2,reliability,0,0,2,8,TimeLimit,30,26,13.333333,6323,7189,300.041
scpnre2,reliability,0,0,2,16,TimeLimit,30,26,13.333333,6040,6896,300.051
scpnre2,reliability,0,0,4,4,TimeLimit,31,25,19.354839,6095,7771,300.008
scpnre2,reliability,0,0,4,8,TimeLimit,30,26,13.333333,6148,7820,300.051
scpnre2,reliability,0,0,4,16,TimeLimit,31,26,16.129032,6118,7754,300.000
scpnre2,reliability,0,0,8,4,TimeLimit,31,26,16.129032,5880,9150,300.040
scpnre2,reliability,0,0,8,8,TimeLimit,32,25,21.875000,6146,9430,300.016
scpnre2,reliability,0,0,8,16,TimeLimit,31,26,16.129032,5978,9206,300.017
scpnre2,most_fractional,0,0.6,0,0,TimeLimit,31,26,16.129032,7590,7593,300.017
scpnre2,reliability,0,0.6,2,4,TimeLimit,30,26,13.333333,6182,7049,300.058
scpnre2,reliability,0,0.6,2,8,TimeLimit,30,26,13.333333,6335,7202,300.008
scpnre2,reliability,0,0.6,2,16,TimeLimit,30,26,13.333333,6060,6917,300.068
scpnre2,reliability,0,0.6,4,4,TimeLimit,30,26,13.333333,5925,7600,300.045
scpnre2,reliability,0,0.6,4,8,TimeLimit,30,26,13.333333,6162,7827,300.060
scpnre2,reliability,0,0.6,4,16,TimeLimit,31,26,16.129032,6144,7781,300.045
scpnre2,reliability,0,0.6,8,4,TimeLimit,31,26,16.129032,5883,9154,300.025
scpnre2,reliability,0,0.6,8,8,TimeLimit,32,25,21.875000,6132,9417,300.032
scpnre2,reliability,0,0.6,8,16,TimeLimit,31,26,16.129032,5972,9197,300.022
scpnre2,most_fractional,0.2,0,0,0,TimeLimit,31,26,16.129032,6568,6591,300.063
scpnre2,reliability,0.2,0,2,4,TimeLimit,30,26,13.333333,5420,6306,300.054
scpnre2,reliability,0.2,0,2,8,TimeLimit,30,26,13.333333,5690,6570,300.003
scpnre2,reliability,0.2,0,2,16,TimeLimit,30,26,13.333333,5329,6197,300.029
scpnre2,reliability,0.2,0,4,4,TimeLimit,32,25,21.875000,5648,7348,300.018
scpnre2,reliability,0.2,0,4,8,TimeLimit,31,26,16.129032,5706,7405,300.016
scpnre2,reliability,0.2,0,4,16,TimeLimit,30,26,13.333333,5241,6888,300.013
scpnre2,reliability,0.2,0,8,4,TimeLimit,30,26,13.333333,5073,8352,300.042
scpnre2,reliability,0.2,0,8,8,TimeLimit,32,25,21.875000,5477,8753,300.019
scpnre2,reliability,0.2,0,8,16,TimeLimit,30,26,13.333333,5101,8346,300.054
scpnre2,most_fractional,0.2,0.6,0,0,TimeLimit,31,26,16.129032,6547,6571,300.044
scpnre2,reliability,0.2,0.6,2,4,TimeLimit,30,26,13.333333,5395,6279,300.098
scpnre2,reliability,0.2,0.6,2,8,TimeLimit,30,26,13.333333,5694,6575,300.024
scpnre2,reliability,0.2,0.6,2,16,TimeLimit,30,26,13.333333,5328,6197,300.010
scpnre2,reliability,0.2,0.6,4,4,TimeLimit,32,25,21.875000,5647,7348,300.049
scpnre2,reliability,0.2,0.6,4,8,TimeLimit,31,26,16.129032,5697,7396,300.056
scpnre2,reliability,0.2,0.6,4,16,TimeLimit,30,26,13.333333,5254,6902,300.059
scpnre2,reliability,0.2,0.6,8,4,TimeLimit,30,26,13.333333,5146,8429,300.042
scpnre3,reliability,0,0,2,16,Optimal,27,27,0.000000,8805,9619,251.622
scpnre2,reliability,0.2,0.6,8,8,TimeLimit,32,25,21.875000,5432,8709,300.047
scpnre2,reliability,0.2,0.6,8,16,TimeLimit,30,26,13.333333,5051,8295,300.006
scpnre3,most_fractional,0,0,0,0,TimeLimit,28,25,10.714286,13768,13770,300.006
scpnre3,reliability,0,0,2,4,TimeLimit,28,24,14.285714,11453,12315,300.002
scpnre3,reliability,0,0,2,8,TimeLimit,28,25,10.714286,11451,12303,300.017
scpnre3,reliability,0,0,4,8,Optimal,27,27,0.000000,9251,10845,270.940
scpnre3,reliability,0,0,4,4,TimeLimit,28,24,14.285714,10746,12378,300.024
scpnre3,reliability,0,0,4,16,TimeLimit,28,25,10.714286,11124,12802,300.014
scpnre3,reliability,0,0,8,4,TimeLimit,27,25,7.407407,10238,13410,300.044
scpnre3,reliability,0,0,8,8,TimeLimit,28,24,14.285714,10547,13735,300.022
scpnre3,reliability,0,0,8,16,TimeLimit,28,25,10.714286,10736,13970,300.011
scpnre3,reliability,0,0.6,2,16,Optimal,27,27,0.000000,8805,9620,250.930
scpnre3,most_fractional,0,0.6,0,0,TimeLimit,28,25,10.714286,13820,13823,300.025
scpnre3,reliability,0,0.6,2,4,TimeLimit,28,24,14.285714,11491,12354,300.017
scpnre3,reliability,0,0.6,4,8,Optimal,27,27,0.000000,9251,10846,270.613
scpnre3,reliability,0,0.6,2,8,TimeLimit,28,25,10.714286,11446,12299,300.049
scpnre3,reliability,0,0.6,4,4,TimeLimit,28,24,14.285714,10829,12462,300.022
scpnre3,reliability,0,0.6,4,16,TimeLimit,28,25,10.714286,11139,12818,300.018
scpnre3,reliability,0,0.6,8,4,TimeLimit,27,25,7.407407,10197,13368,300.019
scpnre3,reliability,0,0.6,8,8,TimeLimit,28,24,14.285714,10483,13672,300.004
scpnre3,reliability,0,0.6,8,16,TimeLimit,28,25,10.714286,10610,13843,300.020
scpnre3,most_fractional,0.2,0,0,0,TimeLimit,28,25,10.714286,10730,10772,300.026
scpnre3,reliability,0.2,0,2,4,TimeLimit,28,24,14.285714,9509,10391,300.017
scpnre3,reliability,0.2,0,2,8,TimeLimit,28,25,10.714286,9518,10389,300.028
scpnre3,reliability,0.2,0,2,16,TimeLimit,27,25,7.407407,9266,10128,300.020
scpnre3,reliability,0.2,0,4,4,TimeLimit,28,24,14.285714,9029,10684,300.043
scpnre3,reliability,0.2,0,4,8,TimeLimit,27,25,7.407407,8943,10560,300.005
scpnre3,reliability,0.2,0,4,16,TimeLimit,27,25,7.407407,9059,10715,300.061
scpnre3,reliability,0.2,0,8,4,TimeLimit,28,24,14.285714,8679,11865,300.041
scpnre3,reliability,0.2,0,8,8,TimeLimit,28,24,14.285714,8785,11990,300.009
scpnre3,reliability,0.2,0,8,16,TimeLimit,28,25,10.714286,9125,12354,300.005
scpnre3,most_fractional,0.2,0.6,0,0,TimeLimit,28,25,10.714286,10752,10795,300.084
scpnre3,reliability,0.2,0.6,2,4,TimeLimit,28,24,14.285714,9531,10414,300.034
scpnre3,reliability,0.2,0.6,2,8,TimeLimit,28,25,10.714286,9523,10395,300.023
scpnre3,reliability,0.2,0.6,2,16,TimeLimit,27,25,7.407407,9236,10099,300.028
scpnre3,reliability,0.2,0.6,4,4,TimeLimit,28,24,14.285714,9017,10673,300.031
scpnre3,reliability,0.2,0.6,4,8,TimeLimit,27,25,7.407407,8890,10508,300.036
scpnre3,reliability,0.2,0.6,4,16,TimeLimit,27,25,7.407407,9031,10688,300.011
scpnre3,reliability,0.2,0.6,8,4,TimeLimit,28,24,14.285714,8671,11861,300.045
scpnre3,reliability,0.2,0.6,8,8,TimeLimit,28,24,14.285714,8765,11970,300.004
scpnre3,reliability,0.2,0.6,8,16,TimeLimit,28,25,10.714286,9075,12304,300.015
scpnrf1,most_fractional,0,0,0,0,TimeLimit,14,13,7.142857,18725,18727,300.006
scpnrf1,reliability,0,0,2,4,TimeLimit,14,13,7.142857,18364,19094,300.022
scpnrf1,reliability,0,0,2,8,TimeLimit,14,12,14.285714,18920,19642,300.016
scpnrf1,reliability,0,0,2,16,TimeLimit,14,13,7.142857,18803,19529,300.011
scpnrf1,reliability,0,0,4,4,TimeLimit,14,13,7.142857,18317,19723,300.007
scpnrf1,reliability,0,0,4,8,TimeLimit,14,13,7.142857,17926,19330,300.031
scpnrf1,reliability,0,0,4,16,TimeLimit,14,13,7.142857,18489,19861,300.021
scpnrf1,reliability,0,0,8,4,TimeLimit,14,13,7.142857,17463,20245,300.012
scpnrf1,reliability,0,0,8,8,TimeLimit,14,13,7.142857,17621,20333,300.016
scpnrf1,reliability,0,0,8,16,TimeLimit,14,12,14.285714,18030,20748,300.036
scpnrf1,most_fractional,0,0.6,0,0,TimeLimit,14,13,7.142857,18729,18732,300.007
scpnrf1,reliability,0,0.6,2,4,TimeLimit,14,13,7.142857,18354,19085,300.004
scpnrf1,reliability,0,0.6,2,8,TimeLimit,14,12,14.285714,18938,19663,300.027
scpnrf1,reliability,0,0.6,2,16,TimeLimit,14,13,7.142857,18694,19421,300.023
scpnrf1,reliability,0,0.6,4,4,TimeLimit,14,13,7.142857,18285,19690,300.019
scpnrf1,reliability,0,0.6,4,8,TimeLimit,14,13,7.142857,17914,19319,300.011
scpnrf1,reliability,0,0.6,4,16,TimeLimit,14,13,7.142857,18482,19855,300.001
scpnrf1,reliability,0,0.6,8,4,TimeLimit,14,13,7.142857,17451,20234,300.015
scpnrf1,reliability,0,0.6,8,8,TimeLimit,14,13,7.142857,17655,20368,300.005
scpnrf1,reliability,0,0.6,8,16,TimeLimit,14,12,14.285714,18068,20787,300.006
scpnrf1,most_fractional,0.2,0,0,0,TimeLimit,14,12,14.285714,16653,16714,300.023
scpnrf1,reliability,0.2,0,2,4,TimeLimit,14,13,7.142857,16267,17060,300.021
scpnrf1,reliability,0.2,0,2,8,TimeLimit,14,12,14.285714,16437,17222,300.010
scpnrf1,reliability,0.2,0,2,16,TimeLimit,14,12,14.285714,16493,17284,300.014
scpnrf1,reliability,0.2,0,4,4,TimeLimit,14,12,14.285714,15878,17343,300.001
scpnrf1,reliability,0.2,0,4,8,TimeLimit,14,13,7.142857,15803,17265,300.006
scpnrf1,reliability,0.2,0,4,16,TimeLimit,14,12,14.285714,16093,17517,300.012
scpnrf1,reliability,0.2,0,8,4,TimeLimit,14,12,14.285714,15482,18291,300.006
scpnrf1,reliability,0.2,0,8,8,TimeLimit,14,12,14.285714,15443,18174,300.007
scpnrf1,reliability,0.2,0,8,16,TimeLimit,14,12,14.285714,15928,18656,300.000
scpnrf1,most_fractional,0.2,0.6,0,0,TimeLimit,14,12,14.285714,16616,16678,300.027
scpnrf1,reliability,0.2,0.6,2,4,TimeLimit,14,13,7.142857,16303,17097,300.016
scpnrf1,reliability,0.2,0.6,2,8,TimeLimit,14,12,14.285714,16402,17188,300.009
scpnrf1,reliability,0.2,0.6,2,16,TimeLimit,14,12,14.285714,16508,17300,300.019
scpnrf1,reliability,0.2,0.6,4,4,TimeLimit,14,12,14.285714,15848,17314,300.006
scpnrf1,reliability,0.2,0.6,4,8,TimeLimit,14,13,7.142857,15779,17240,300.013
scpnrf2,most_fractional,0,0,0,0,Optimal,15,15,0.000000,11461,11463,168.392
scpnrf2,reliability,0,0,2,4,Optimal,15,15,0.000000,12435,13169,183.462
scpnrf1,reliability,0.2,0.6,4,16,TimeLimit,14,12,14.285714,16077,17502,300.019
scpnrf1,reliability,0.2,0.6,8,4,TimeLimit,14,12,14.285714,15470,18280,300.035
scpnrf1,reliability,0.2,0.6,8,8,TimeLimit,14,12,14.285714,15417,18149,300.018
scpnrf1,reliability,0.2,0.6,8,16,TimeLimit,14,12,14.285714,15892,18621,300.018
scpnrf2,reliability,0,0,2,8,Optimal,15,15,0.000000,10935,11677,167.397
scpnrf2,reliability,0,0,2,16,Optimal,15,15,0.000000,13943,14685,207.437
scpnrf2,reliability,0,0,4,4,Optimal,15,15,0.000000,11655,13069,180.217
scpnrf2,reliability,0,0,4,8,Optimal,15,15,0.000000,11463,12883,176.775
scpnrf2,reliability,0,0,4,16,Optimal,15,15,0.000000,12015,13469,184.996
scpnrf2,reliability,0,0,8,4,Optimal,15,15,0.000000,12505,15311,196.749
scpnrf2,reliability,0,0,8,8,Optimal,15,15,0.000000,11341,14071,180.837
scpnrf2,reliability,0,0,8,16,Optimal,15,15,0.000000,11157,13915,180.535
scpnrf2,most_fractional,0,0.6,0,0,Optimal,15,15,0.000000,11461,11464,168.736
scpnrf2,reliability,0,0.6,2,8,Optimal,15,15,0.000000,10935,11678,167.811
scpnrf2,reliability,0,0.6,2,4,Optimal,15,15,0.000000,12435,13170,183.987
scpnrf2,reliability,0,0.6,2,16,Optimal,15,15,0.000000,13943,14686,207.549
scpnrf2,reliability,0,0.6,4,4,Optimal,15,15,0.000000,11655,13070,180.790
scpnrf2,reliability,0,0.6,4,8,Optimal,15,15,0.000000,11463,12884,177.629
scpnrf2,reliability,0,0.6,4,16,Optimal,15,15,0.000000,12015,13470,185.838
scpnrf2,reliability,0,0.6,8,8,Optimal,15,15,0.000000,11339,14070,182.067
scpnrf2,reliability,0,0.6,8,4,Optimal,15,15,0.000000,12505,15312,196.812
scpnrf2,reliability,0,0.6,8,16,Optimal,15,15,0.000000,11157,13916,181.295
scpnrf2,most_fractional,0.2,0,0,0,Optimal,15,15,0.000000,11467,11500,188.572
scpnrf2,reliability,0.2,0,2,4,Optimal,15,15,0.000000,12447,13218,210.613
scpnrf2,reliability,0.2,0,2,8,Optimal,15,15,0.000000,10945,11723,187.670
scpnrf2,reliability,0.2,0,4,4,Optimal,15,15,0.000000,11673,13123,202.176
scpnrf2,reliability,0.2,0,2,16,Optimal,15,15,0.000000,13971,14765,241.788
scpnrf2,reliability,0.2,0,4,8,Optimal,15,15,0.000000,11461,12924,199.613
scpnrf2,reliability,0.2,0,4,16,Optimal,15,15,0.000000,12031,13524,211.348
scpnrf2,reliability,0.2,0,8,8,Optimal,15,15,0.000000,11349,14131,204.886
scpnrf2,reliability,0.2,0,8,4,Optimal,15,15,0.000000,12505,15352,223.697
scpnrf2,reliability,0.2,0,8,16,Optimal,15,15,0.000000,11161,13970,203.037
scpnrf2,most_fractional,0.2,0.6,0,0,Optimal,15,15,0.000000,11467,11501,187.981
scpnrf2,reliability,0.2,0.6,2,4,Optimal,15,15,0.000000,12447,13219,210.023
scpnrf2,reliability,0.2,0.6,2,8,Optimal,15,15,0.000000,10945,11724,187.478
scpnrf2,reliability,0.2,0.6,4,4,Optimal,15,15,0.000000,11673,13124,202.375
scpnrf2,reliability,0.2,0.6,4,8,Optimal,15,15,0.000000,11461,12925,200.203
scpnrf2,reliability,0.2,0.6,2,16,Optimal,15,15,0.000000,13971,14766,242.819
scpnrf2,reliability,0.2,0.6,4,16,Optimal,15,15,0.000000,12031,13525,211.805
scpnrf3,most_fractional,0,0,0,0,Optimal,14,14,0.000000,3181,3183,60.641
scpnrf2,reliability,0.2,0.6,8,8,Optimal,15,15,0.000000,11349,14132,205.681
scpnrf2,reliability,0.2,0.6,8,4,Optimal,15,15,0.000000,12505,15353,224.333
scpnrf2,reliability,0.2,0.6,8,16,Optimal,15,15,0.000000,11161,13971,203.733
scpnrf3,reliability,0,0,2,8,Optimal,14,14,0.000000,12676,13396,169.634
scpnrf3,reliability,0,0,2,4,Optimal,14,14,0.000000,16470,17204,218.557
scpnrf3,reliability,0,0,4,4,Optimal,14,14,0.000000,11995,13397,161.905
scpnrf3,reliability,0,0,4,8,Optimal,14,14,0.000000,14744,16164,196.812
scpnrf3,reliability,0,0,4,16,Optimal,14,14,0.000000,8640,10028,124.376
scpnrf3,reliability,0,0,2,16,Optimal,14,14,0.000000,18356,19096,243.381
scpnrf3,most_fractional,0,0.6,0,0,Optimal,14,14,0.000000,3181,3184,60.694
scpnrf3,reliability,0,0,8,8,Optimal,14,14,0.000000,7806,10460,121.325
scpnrf3,reliability,0,0,8,4,Optimal,14,14,0.000000,12455,15247,173.955
scpnrf3,reliability,0,0,8,16,Optimal,14,14,0.000000,9790,12510,142.983
scpnrf3,reliability,0,0.6,2,8,Optimal,14,14,0.000000,12676,13397,169.193
scpnrf3,reliability,0,0.6,4,16,Optimal,14,14,0.000000,8640,10029,123.993
scpnrf3,reliability,0,0.6,4,4,Optimal,14,14,0.000000,11997,13400,162.128
scpnrf3,reliability,0,0.6,2,4,Optimal,14,14,0.000000,16472,17207,218.997
scpnrf3,reliability,0,0.6,4,8,Optimal,14,14,0.000000,14746,16167,197.438
scpnrf3,most_fractional,0.2,0,0,0,Optimal,14,14,0.000000,3177,3189,62.733
scpnrf3,reliability,0,0.6,2,16,Optimal,14,14,0.000000,18356,19097,244.403
scpnrf3,reliability,0,0.6,8,8,Optimal,14,14,0.000000,7806,10461,122.047
scpnrf3,reliability,0,0.6,8,16,Optimal,14,14,0.000000,9790,12511,143.524
scpnrf3,reliability,0,0.6,8,4,Optimal,14,14,0.000000,12455,15248,174.100
scpnrf3,reliability,0.2,0,2,8,Optimal,14,14,0.000000,12650,13419,189.027
scpnrf3,reliability,0.2,0,4,4,Optimal,14,14,0.000000,11993,13440,179.350
scpnrf3,reliability,0.2,0,4,16,Optimal,14,14,0.000000,10783,12220,163.375
scpnrf3,reliability,0.2,0,2,4,Optimal,14,14,0.000000,16466,17261,252.164
scpnrf3,reliability,0.2,0,2,16,Optimal,14,14,0.000000,18378,19182,288.404
scpnrf3,reliability,0.2,0,4,8,Optimal,14,14,0.000000,14746,16242,225.691
scpnrf3,most_fractional,0.2,0.6,0,0,Optimal,14,14,0.000000,3177,3190,62.907
scpnrf3,reliability,0.2,0,8,8,Optimal,14,14,0.000000,7788,10472,129.949
scpnrf3,reliability,0.2,0,8,4,Optimal,14,14,0.000000,12439,15280,190.752
scpnrf3,reliability,0.2,0,8,16,Optimal,14,14,0.000000,9780,12538,156.168
scpnrf3,reliability,0.2,0.6,2,8,Optimal,14,14,0.000000,12650,13420,189.976
scpnrf3,reliability,0.2,0.6,4,4,Optimal,14,14,0.000000,11993,13441,178.722
scpnrf3,reliability,0.2,0.6,2,4,Optimal,14,14,0.000000,16466,17262,252.683
scpnrf3,reliability,0.2,0.6,4,16,Optimal,14,14,0.000000,10783,12221,163.208
scpnrf3,reliability,0.2,0.6,2,16,Optimal,14,14,0.000000,18378,19183,288.464
scpnrf3,reliability,0.2,0.6,4,8,Optimal,14,14,0.000000,14746,16243,225.010
scpnrf3,reliability,0.2,0.6,8,8,Optimal,14,14,0.000000,7788,10473,125.906
scpnrf3,reliability,0.2,0.6,8,4,Optimal,14,14,0.000000,12439,15281,184.927
scpnrf3,reliability,0.2,0.6,8,16,Optimal,14,14,0.000000,9780,12539,149.233
